First Name,Last Name,Title,Company / Account,Lead Status,EmailVishal,Prasad,Programmer,Persistent Systems Limited,Open,vishal_prasad@spadm203-1.eduAdam,Kittow,,[not provided],Open,adam.kittow@spadm203-2.eduJake,Faris,,Primer Consulting,Open,jacobfaris@spadm203-3.eduStacy,Bertolino,,CBS,Open,admin@spadm203-4.eduAundrea,Koley,,Tsys Merchant Solutions,Open,akoley@spadm203-5.eduKeith,Averitt,President,"AMECO, INC.",Open,sales@spadm203-6.eduKaren,Gonnet,Senior Salesforce Administrator,The Advisory Board Company,Open,gonnetk@spadm203-7.eduMike,Verledens,,mooze,Open,mikev@spadm203-8.eduSusan,Peterson,"Small Business Reporting, Analytics & Tools",[not provided],Open,susan.peterson@spadm203-9.eduAdmin,Compass-EOS,,[not provided],Open,ron.davidson@spadm203-10.eduWhitney,Frey,,G2insurance,Open,wfrey@spadm203-11.eduLEE,KUAN HONG,DIRECTOR,myseekit,Open,kuanhong.lee@spadm203-12.eduKen,Tichacek,Proprietor,"Think Like Your Clients, LLC",Open,ken@spadm203-13.eduJames,Bayliss,SalesForce Administrator,Leadership Trust,Open,jamesbayliss@spadm203-14.eduAllyson,Lower,Business Analyst,"Schenker, Inc.",Open,allyson.lower@spadm203-15.eduJohn,Medeiros,Solution Architech,Astadia,Open,jmedeiros@spadm203-16.eduDavid,Ihssen,,[not provided],Open,dave.ihssen@spadm203-17.eduJeremy,Brady,Senior Business Analyst,UnitedHealthcare Specialty Benefits,Open,jeremy.brady@spadm203-18.eduNigel,Runnalls,,RAM,Open,developer@spadm203-19.eduRyan,Phillips,,RP Consulting,Open,ryan@spadm203-20.eduKeith,Averitt,President,"AMECO, INC.",Open,sales@spadm203-21.eduThomas,Smith,,MTA Development Group,Open,tom@spadm203-22.eduScott,Kuehn,Sales Director,[not provided],Open,scott@spadm203-23.eduDavid,Ihssen,,[not provided],Open,dave.ihssen@spadm203-24.eduAundrea,Koley,Business Analyst,Tsys Merchant Solutions,Open,akoley@spadm203-25.eduMelissa,Hoffman,CEO / Marketing & Technology Director,"SixDegrees, Inc",Open,melissa@spadm203-26.eduRyan,Phillips,,RP,Open,ryan@spadm203-27.edulater,later,later,later,Open,later@spadm203-28.edugreg,Devine,Director,SHC PTA,Open,gregd@spadm203-29.eduAdam,Kittow,,CR Bard,Open,adam.kittow@spadm203-30.eduMolly,St. Clair,Client Operations Analyst,MTS MyNewPlace,Open,mstclair@spadm203-31.eduRandy,Funk,Business Development,SW Funk Industrial,Open,rfunk@spadm203-32.eduKelly,Travis,,Second Street,Open,kelly@spadm203-33.eduMegan,Cook,Senior Administrative Assistant,Hunt Electric Supply Co.,Open,mcook@spadm203-34.eduHeather,Winter,Sales & Marketing Coordinator,[not provided],Open,hwinter@spadm203-35.eduMiles,Harvey,,[not provided],Open,miles.harvey@spadm203-36.edu,AndresG,,Dev,Open,andresglue@spadm203-37.eduKimberly,Vega,,Glitz Design,Open,kimberly@spadm203-38.eduManish,jjfg,kk,trcguylobal,Open,abomb52c@spadm203-39.eduJan Bennett,Collections Admin,System Administrator,CenturyLink,Open,jan.bennett@spadm203-40.eduHugh,Smith,Manufacturer's Representative,FMWR Services,Open,hughsmithfr@spadm203-41.eduRandy,Funk,,SW Funk Industrial,Open,rfunk@spadm203-42.eduMolly,St. Clair,,MyNewPlace,Open,mstclair@spadm203-43.eduJohn,Medeiros,Consultant,Astadia,Open,jmedeiros@spadm203-44.eduJustin,Heyman,,[not provided],Open,justinh@spadm203-45.eduNathan,Spiwak,Technology Services Manager,Center for Shared Services,Open,nspiwak@spadm203-46.eduKevin,Ellis,Sales Director,CallScripter,Open,kevin@spadm203-47.eduAlissa,Guidry,,[not provided],Open,alissag@spadm203-48.eduRamÛn,Delgado,,Janur S.L.,Open,distribucioncentral@spadm203-49.eduAmanda,Fisher,,[not provided],Open,afisher@spadm203-50.eduNigel,Runnalls,,[not provided],Open,developer@spadm203-51.eduJacob,Johnson,,[not provided],Open,jacob.johnson@spadm203-52.eduLuke,Valente,Business Intelligence Coordinator,Return path,Open,luke.valente@spadm203-53.eduVincent,Cabral,,[not provided],Open,vcabral@spadm203-54.eduIan,Sampson,Technical Director,Glanton Solutions Ltd,Open,sampsoni@spadm203-55.eduAundrea,Koley,Business Analyst,Tsys Merchant Solutions,Open,akoley@spadm203-56.eduHeather,Winter,Sales & Marketing Coordinator,[not provided],Open,hwinter@spadm203-57.eduJames,Bayliss,,The Leadership Trust Foundation,Open,jamesbayliss@spadm203-58.eduAlan,Sanderson,,Befriend A Child,Open,alan@spadm203-59.eduJustin,Heyman,,B&H,Open,justinh@spadm203-60.eduLukman,Ahmed,Chief Operating Officer,Viper Communications,Open,lukman@spadm203-61.eduMerry,Stambaugh,Qualification Team Manager,MasterControl,Open,mstambaugh@spadm203-62.eduJohn,Paredes,Sales,US Home Ownership LLC,Open,john@spadm203-63.eduThomas,Smith,Director,MTA Development Group,Open,tom@spadm203-64.eduErin,Varley,VP Dealer Sales and Development,"M.H. Eby, Inc.",Open,erin.varley@spadm203-65.eduGeorgia,Papoulias,Customer Relationship Manager,[not provided],Open,georgia.papoulias@spadm203-66.eduJack,Tatum,Vice President-Global Business Development,Riskonnect,Open,jack.tatum@spadm203-67.eduKeith,Abrams,Owner,PROforma,Open,keith.abrams@spadm203-68.eduSheryl,Shepherd,,Cincinnatistate,Open,sshepherd@spadm203-69.eduAnindya,Nandi,Proprietor,TWENTY FIRST CENTURY COMMUNICATIONS,Open,nandi.anindya@spadm203-70.eduDave,Perry,,[not provided],Open,dave.perry@spadm203-71.eduGordon,Spence,,[not provided],Open,gordon@spadm203-72.eduAdmin,User,,Coco,Open,jbucaille@spadm203-73.eduJeff,Kingsford,,imageMEDIA,Open,jeff@spadm203-74.edurajesh,paleti,,Gmail,Open,rajeshfriendshome@spadm203-75.eduSteve,Wasula,,AW Computing,Open,steve@spadm203-76.eduSteve,Wasula,,AW Computing,Open,steve@spadm203-77.edubethina,chaitanyasri,,Gmail,Open,chaitanya.bethina21@spadm203-78.edu,VIJAY,,[not provided],Open,sfdcvijay@spadm203-79.edusrilakshmi,chitteti,,Gmail,Open,cssrilakshmi43@spadm203-80.eduSergio,Suarez Bolzon,,Telis SRL,Open,sergio.suarez@spadm203-81.educhaitu,b,,Gmail,Open,chaitanya.bethina21@spadm203-82.eduBernadine,Phenna,Salesforce Administrator,ONI Plc,Open,bernadine.phenna@spadm203-83.edujim,gorzka,,Embarqmail,Open,jimgorzka@spadm203-84.eduDenoy,Arikatt,,apexcloud,Open,denoy.david@spadm203-85.eduRahul,Singh,,Infosys,Open,rsmiyan@spadm203-86.eduSuraj,Gopal,,"SaaSForce Consulting Pvt. Ltd (VsWorx, Inc.)",Open,suraj@spadm203-87.eduOMAR,MATA PINEDA,,Solcom Internacional S.A. de C.V.,Open,omar.mata@spadm203-88.eduArnaud,Goumain,,magillem,Open,goumain@spadm203-89.eduMaribel,Larios,Owner,Fiduciary Experts LLC,Open,mari@spadm203-90.eduMaribel,Larios,Owner,Fiduciary Experts LLC,Open,mari@spadm203-91.eduBernadine,Phenna,Salesforce Administrator,ONI Plc,Open,bernadine.phenna@spadm203-92.eduAndy,Moldenhauer,,Med Device Co,Open,amoldenhauer@spadm203-93.edumahesh,ponnapalli,,Gmail,Open,maheshponnapalli@spadm203-94.edupavani,k,,Gmail,Open,pavanikumari.102@spadm203-95.eduSergio,Suarez Bolzon,Gerente General,Telis SRL,Open,sergio.suarez@spadm203-96.eduBernadine,Phenna,Salesforce Administrator,ONI Plc,Open,bernadine.phenna@spadm203-97.eduJeff,Ware,,Cartridge World,Open,jeff@spadm203-98.eduKaty,Baughman,,Sorenson Capital,Open,kbaughman@spadm203-99.eduBen,OBrien,Director of Customer Support,TWSG,Open,ben.obrien@spadm203-100.eduBen,OBrien,Director of Customer Support,TWSG,Open,ben.obrien@spadm203-101.eduJason,Smeal,VP,Nationwide Settlement Partners,Open,jason@spadm203-102.eduBernadine,Phenna,,ONI PLC,Open,bernadine.phenna@spadm203-103.edumassinissa,arab,,[not provided],Open,m.arab@spadm203-104.eduRyan,Klein,,Klein Hardware,Open,rklein@spadm203-105.eduBen,OBrien,Director of Customer Support,TWSG,Open,ben.obrien@spadm203-106.eduEthan,Davis Tmone 6th Org,,Tmone (6th org) USPS,Open,iss@spadm203-107.eduGordon,Spence,,[not provided],Open,gordon@spadm203-108.eduAdmin,User,,Coco,Open,jbucaille@spadm203-109.eduGordon,Spence,,[not provided],Open,gordon@spadm203-110.eduMOHAN,REDDY,,Reddy,Open,mohanreddy.kasula@spadm203-111.edusrilakshmi,chitteti,,Gmail,Open,cssrilakshmi43@spadm203-112.eduGordon,Spence,,[not provided],Open,gordon@spadm203-113.eduEd,Butterworth,,Butterworth,Open,ed.butterworth@spadm203-114.eduJeff,Ware,President,Cartridge World,Open,jeff@spadm203-115.edusirisha,rupineni,,infoshare,Open,srupineni@spadm203-116.eduDivya,Reddy,,Svs,Open,divya.asireddy@spadm203-117.edusirisha,R,,Sfdc,Open,srupineni@spadm203-118.edujim,gorzka,,Embarqmail,Open,jimsfdc@spadm203-119.eduPeter,Ladka,Chairman/President/CEO,Parse3,Open,pladka@spadm203-120.eduDenoy,Arikatt,,apexcloud,Open,denoy.david@spadm203-121.eduJeremy,White,,kiwi business technology,Open,jwhite@spadm203-122.eduAndy,Moldenhauer,,Med Device Co,Open,amoldenhauer@spadm203-123.edujim,gorzka,,Embarqmail,Open,jimgorzka@spadm203-124.eduimran,khan,,Apex Cloud Ltd,Open,imran4787khan@spadm203-125.eduSteve,Wasula,,AW Computing,Open,steve@spadm203-126.edusirisha,rupineni,,infoshare,Open,srupineni@spadm203-127.eduDevinna,Hansen,,[not provided],Open,devinna.hansen@spadm203-128.educhaitu,b,,Gmail,Open,chaitanya.bethina21@spadm203-129.eduKathy,Ecklund,"Small Business Reporting, Analytics & Tools",[not provided],Open,kathrine.ecklund@spadm203-130.eduLauren,Hanna,Salesforce.com System Admin,"Covance, Inc.",Open,lauren.hanna@spadm203-131.eduBernadine,Phenna,Salesforce Administrator,ONI Plc,Open,bernadine.phenna@spadm203-132.eduPeter,Ladka,,Parse3,Open,pladka@spadm203-133.eduBruno,Dinov,Analista de sistemas,Liberty Seguros,Open,brunod@spadm203-134.eduEthan,Davis Tmone 6th Org,General Manager,Tmone (6th org) USPS,Open,iss@spadm203-135.edusirisha,R,,Sfdc,Open,srupineni@spadm203-136.eduMichel,Gelobter,Co-Founder,Building Energy,Open,michel.gelobter@spadm203-137.eduJason,Koch,Service Manager,Air Perfection,Open,dgarcia@spadm203-138.eduBernadine,Phenna,Salesforce Administrator,ONI Plc,Open,bernadine.phenna@spadm203-139.eduJason,Koch,Service Manager,Air Perfection,Open,dgarcia@spadm203-140.eduManikandan,Mariappane,,csscorp,Open,manikandan.mariappane@spadm203-141.eduMarcel,Will,,Mforce,Open,mc_will@spadm203-142.eduBrandon,Todd,Area Manager,Quincy Compressor,Open,brandon.todd@spadm203-143.eduRishi,kalia,,Icici PruLife,Open,rshkalia@spadm203-144.edubethina,chaitanyasri,,Gmail,Open,chaitanya.bethina21@spadm203-145.eduArnaud,Goumain,,[not provided],Open,goumain@spadm203-146.edubethina,chaitanyasri,,Gmail,Open,chaitanya.bethina21@spadm203-147.eduSteve,Dongowski,Externer Admin,[not provided],Open,steve.dongowski@spadm203-148.edujim,gorzka,,Embarqmail,Open,jimgorzka@spadm203-149.eduJason,Smeal,VP,Nationwide Settlement Partners,Open,jason@spadm203-150.eduSuraj,Gopal,,"SaaSForce Consulting Pvt. Ltd (VsWorx, Inc.)",Open,suraj@spadm203-151.eduJason,Smeal,,Nationwide Settlement Partners,Open,jason@spadm203-152.edu8,h,,[not provided],Open,stormyangyf@spadm203-153.eduGordon,Hodges,Marketing Research Analyst,ECS Case,Open,gordon.hodges@spadm203-154.eduMarcel,Will,,Mforce,Open,mc_will@spadm203-155.eduDivya,Reddy,,Svs,Open,divya.asireddy@spadm203-156.eduAaron,Nichols,Office Manager,"Interactive Communications, Inc.",Open,anichols@spadm203-157.edu8,h,,"Cidea Technology Co., Ltd",Open,stormyangyf@spadm203-158.edurajesh,paleti,,force,Open,rajeshfriendshome@spadm203-159.eduKyle,Irestone,SFDC Core Team,Medtronic,Open,kyle.irestone@spadm203-160.eduJason,Koch,Service Manager,Air Perfection,Open,dgarcia@spadm203-161.eduEd,Butterworth,,Butterworth,Open,ed.butterworth@spadm203-162.eduMOHAN,REDDY,,Reddy,Open,mohanreddy.kasula@spadm203-163.eduJeff,Kingsford,,Image Media Incorporated,Open,jeff@spadm203-164.edupavani,k,,Gmail,Open,pavanikumari.102@spadm203-165.eduDawn,Perry,Account Executive,Nexxus Publishing,Open,dperry@spadm203-166.edusirisha,rupineni,,infoshare,Open,srupineni@spadm203-167.eduDivya,Reddy,,Svs,Open,divya.asireddy@spadm203-168.eduShital,Kondhalkar,,CTS,Open,kondhalkar.sheetal@spadm203-169.eduLauren,Hanna,,Covance Inc.,Open,lauren.hanna@spadm203-170.eduBrandon,Todd,,Quincy Compressor,Open,brandon.todd@spadm203-171.edujim,gorzka,,Embarqmail,Open,jimgorzka@spadm203-172.eduMaribel,Larios,,Fiduciary Experts LLC,Open,mari@spadm203-173.eduimran,khan,,Apex Cloud Ltd,Open,imran4787khan@spadm203-174.eduJeremy,White,,kiwi business technology,Open,jwhite@spadm203-175.edumahesh,ponnapalli,,Gmail,Open,maheshponnapalli@spadm203-176.eduRishi,kalia,,HCL TECHNOLOGIES,Open,rshkalia@spadm203-177.eduNatalia,Williams,Office Manager,Sit Means Sit Dog Training,Open,natalia@spadm203-178.edubethina,chaitanyasri,,Gmail,Open,chaitanya.bethina21@spadm203-179.eduKaren,Shapiro,,Domini,Open,kshapiro@spadm203-180.eduZach,DeCecchis,,AW Computing,Open,zdececchis@spadm203-181.eduMichael,Fishweicher,Vice President of Business Development,"ELLKAY, LLC.",Open,michaelf@spadm203-182.eduMatt,Casey,Investor Communications Associate,Domini Social Investments,Open,mcasey@spadm203-183.eduè,Å,;—,[not provided],Open,yuanhong@spadm203-184.eduLorenzo,Elliott,,Live,Open,elliott75@spadm203-185.eduLorenzo,Elliott,,Live,Open,elliott75@spadm203-186.eduMaggie,S,manager,evg,Open,maggie@spadm203-187.eduTJ,Brown,SFDC Consultant,Mavens Consulting,Open,tjb@spadm203-188.eduDavid,Bernstein,Senior Vice President,Turn-Key Industrial Engineering,Open,dbernstein@spadm203-189.eduMarc,Mussman,,LL Global,Open,mmussman@spadm203-190.eduMatt,Casey,,Domini,Open,mcasey@spadm203-191.eduKaren,Shapiro,,Domini,Open,kshapiro@spadm203-192.eduSteve,Wasula,,AW Computing,Open,steve@spadm203-193.eduKaren,Shapiro,,Domini,Open,kshapiro@spadm203-194.eduDavid,Bernstein,,"Turn-Key Industrial Engineering Services, Inc.",Open,dbernstein@spadm203-195.eduMichel,Gelobter,Co-Founder,Building Energy,Open,michel.gelobter@spadm203-196.eduMarc,Mussman,,LL Global,Open,mmussman@spadm203-197.eduFranklin,PremKumar,,Gmail,Open,franklin.premkumar@spadm203-198.eduJill,Thorpe,,Comcast,Open,jillbthorpe@spadm203-199.edujim,gorzka,,Embarqmail,Open,cgorzka@spadm203-200.eduStanway,Wong,,Yahoo,Open,iwchateau@spadm203-201.eduMandy,Kelly,,Gmail,Open,mandyandkuma@spadm203-202.eduKaren,Shapiro,,Domini,Open,kshapiro@spadm203-203.eduJim,Rafte,Sales,Proforma Preferred Solutions,Open,jim.rafte@spadm203-204.eduKaty,Baughman,,Sorenson Capital,Open,kbaughman@spadm203-205.eduKaren,Shapiro,,Domini,Open,kshapiro@spadm203-206.eduKim,Cancel,,Configero,Open,kim.cancel@spadm203-207.eduZach,DeCecchis,,AW Computing,Open,zdececchis@spadm203-208.eduSrikanth,Kodisana,,Wipro,Open,srikanth.kodisana@spadm203-209.eduSrikanth,Kodisana,,Wipro Technologies,Open,srikanth.kodisana@spadm203-210.eduMeggan,Tufveson,,[not provided],Open,mtufveson@spadm203-211.eduSiegfried,M¸ller,,Alpenland Heizungswasser KG,Open,siegfriedmueller@spadm203-212.edu,[not provided],,[not provided],Open,#VALUE!Steve,Wasula,,AW Computing,Open,steve@spadm203-214.eduJill,Thorpe,,Comcast,Open,jillbthorpe@spadm203-215.eduMichel,Gelobter,,Building Energy,Open,michel.gelobter@spadm203-216.eduKaren,Shapiro,,Domini,Open,kshapiro@spadm203-217.eduSiegfried,M¸ller,,Alpenland Heizungswasser KG,Open,siegfriedmueller@spadm203-218.edusravan,podapati,,Gmail,Open,podapati.sravan@spadm203-219.edusravan,podapati,,Gmail,Open,podapati.sravan@spadm203-220.eduMandy,Kelly,,Stonyp,Open,mandy.kelly@spadm203-221.eduMatt,Casey,,Domini,Open,mcasey@spadm203-222.eduKaren,Shapiro,,Domini Social Investments LLC,Open,kshapiro@spadm203-223.eduAndy,Clark,Architect,eBay,Open,andy.clark@spadm203-224.eduMarc,Mussman,,LL Global,Open,mmussman@spadm203-225.eduRamÛn,Delgado,sales manager,Janur S.L.,Open,distribucioncentral@spadm203-226.eduKeith,Averitt,,"AMECO, INC.",Open,sales@spadm203-227.eduAlan,Buckley,,IPC Inc,Open,abuckley@spadm203-228.eduAl,Plumhoff,,Plumforce,Open,acplumhoff@spadm203-229.eduYury,Tveryakov,,SG,Open,admin@spadm203-230.eduGayatri,Ganesh,Associate Consultant,Infosys Technologies,Open,gganesh@spadm203-231.eduMestre,Salesforce,,RCDNet,Open,wemdom@spadm203-232.eduRamÛn,Delgado,sales manager,Janur S.L.,Open,distribucioncentral@spadm203-233.eduRamÛn,Delgado,sales manager,Janur S.L.,Open,distribucioncentral@spadm203-234.eduYury,Tveryakov,,[not provided],Open,admin@spadm203-235.eduAlexander,Saravia,,AXL,Open,alexander.saravia@spadm203-236.eduMark,Lui,,PRAsia,Open,mlui@spadm203-237.eduAharon,Glaser,Mr,JUMP,Open,aharonglaser@spadm203-238.eduDiane,Gonthier,Director of Development,William Temple House,Open,dgonthier@spadm203-239.eduJack,Dermody,,[not provided],Open,jack.dermody@spadm203-240.eduJessica,Shier,,Developer,Open,jshier@spadm203-241.edu,Admin,Manager of All Systems VoaltÈ,Voalte,Open,alex@spadm203-242.eduBrian,Breen CFPÆ,Partner,Jacobson & Breen Wealth Strategies,Open,brian@spadm203-243.eduAnindya,Nandi,Proprietor,TWENTY FIRST CENTURY COMMUNICATIONS,Open,nandi.anindya@spadm203-244.educhristine,palmeri,,Spcs-101,Open,chrispalmeri1@spadm203-245.eduDan,Hughes,Salesforce Administrator - Contracted,MediServe,Open,dhughes@spadm203-246.eduLinda,Lau,,Inc,Open,lindalau1228@spadm203-247.eduadinarayanareddy,Bogala,learner,Gmail,Open,bogala.narayana@spadm203-248.eduChristoph,Blaer,,sia Abrasives Australia Pty Ltd,Open,christoph.blaer@spadm203-249.eduadinarayanareddy,Bogala,,Gmail,Open,bogala.narayana@spadm203-250.eduVIJAY,SFDC,Mr.VIJAY,Gmail,Open,sfdcvijay@spadm203-251.eduStacy,Bertolino,,CBS Network,Open,admin@spadm203-252.edu,Admin,,VoaltÈ,Open,alex@spadm203-253.eduMurali,Krishna,,Gmail,Open,mail2muralie@spadm203-254.eduMike,Ward,,Bellavita Tile,Open,mike@spadm203-255.eduShawn,Gruver,Financial Advisor,HFG Wealth Management,Open,shawn.gruver@spadm203-256.eduWojciech,Nadachowski,,Olga Tennison Autism Research Centre,Open,w.nadachowski@spadm203-257.eduJohn,Bright,,Australia,Open,john.bright@spadm203-258.eduShawn,Gruver,,HFG Wealth Management,Open,shawn.gruver@spadm203-259.eduJames,Haig,Salesforce CRM Executive,CPP Group Plc,Open,james.haig@spadm203-260.eduDaniel,Levin,AVP,J.P. Morgan,Open,daniel.m.levin@spadm203-261.eduTerry,Cavender,Partnerships and Projects Manager,Buckingham Canal Society,Open,terry.cavender@spadm203-262.eduTony,Kayyali,Sr. SFDC Admin,"DriveCam, Inc.",Open,tkayyali@spadm203-263.eduEmage project,project,,Gmail,Open,ashokchandramca@spadm203-264.eduMeggan,Tufveson,,LL Global,Open,mtufveson@spadm203-265.edu,Admin,Manager of All Systems VoaltÈ,Voalte,Open,alex@spadm203-266.eduLynn,Pitelis,,[not provided],Open,lynn@spadm203-267.eduVIJAY,SFDC,,Gmail,Open,sfdcvijay@spadm203-268.edu,Admin,Manager of All Systems VoaltÈ,Voalte,Open,alex@spadm203-269.eduJake,Faris,,JakeOfTrades.com,Open,jacobfaris@spadm203-270.eduJessica,Shier,,Developer,Open,jshier@spadm203-271.eduJack,Dermody,,dk Toy Box,Open,jack.dermody@spadm203-272.eduSandra,Schanzer,,Dorset Consulting,Open,sschanzer@spadm203-273.eduAlexander,Saravia,,AXL,Open,alexander.saravia@spadm203-274.eduMestre,Salesforce,,[not provided],Open,wemdom@spadm203-275.eduBill,White,"Director, Community Relations",HCR ManorCare Foundation,Open,bwhite@spadm203-276.eduSyneron,Beutiy,,Syneron_Beauty,Open,assaf.yoshpe@spadm203-277.eduWojciech,Nadachowski,,Olga Tennisonn Autism Research Centre,Open,wnadachowski@spadm203-278.eduShaun,Swingle,SENIOR BUSINESS ANALYST,Safeco Insurance,Open,shaun.swingle@spadm203-279.eduMike,Ward,US Sales Manager,Bellavita Tile,Open,mike@spadm203-280.edu8,h,,[not provided],Open,stormyangyf@spadm203-281.eduSteven,Bliss,,Bliss Locums,Open,blissy48@spadm203-282.eduTerry,Cavender,,Buckingham Canal Society,Open,terry.cavender@spadm203-283.eduSyneron,Beutiy,xxx,Syneron_Beutiy,Open,assaf.yoshpe@spadm203-284.eduBrian,Carroll,B,MEI,Open,brian.carroll@spadm203-285.eduMurali,Krishna,Learner,[not provided],Open,mail2muralie@spadm203-286.edusssssssssssss,jjjjjjjjjjjjj,dddddddddddddd,sdflkf;lk;l,Open,ssss@spadm203-287.eduSteven,Bliss,,Bliss Animal Health,Open,blissy48@spadm203-288.eduEric,Howard,,"Synergis Technologies, Inc.",Open,synergismsdn1@spadm203-289.eduDaniel,Levin,,JPMC TSS Escrow,Open,daniel.m.levin@spadm203-290.eduWojciech,Nadachowski,,Olga Tennisonn Autism Research Centre,Open,wnadachowski@spadm203-291.eduEmage project,project,,Gmail,Open,ashokchandramca@spadm203-292.edu,Group Administrator,DM,The British Schools Group,Open,group.administrator@spadm203-293.eduSeth,Ballstaedt,Mr,Ballstaedt Law Firm,Open,seth@spadm203-294.eduGlenn,Goldan,CEO,"ReProp Investments, Inc.",Open,goldan@spadm203-295.eduAlan,Sanderson,Communications &amp;amp; Funding Officer,Befriend A Child,Open,alan@spadm203-296.eduTony,Duggan,,Ecosynthetix,Open,aduggan@spadm203-297.eduRandy,Funk,Business Development,SW Funk Industrial,Open,rfunk@spadm203-298.eduPiotr,Kundu,CEO,BeeMobile AB,Open,piotr.kundu@spadm203-299.eduJohn,van Leeuwen,Chairman & CEO,Ecosynthetix Inc.,Open,vanleeuwen@spadm203-300.eduMandy,Kelly,,Stonyp,Open,mandy.kelly@spadm203-301.eduMandy,Kelly,,Gmail,Open,mandyandkuma@spadm203-302.edujim,gorzka,,Embarqmail,Open,cgorzka@spadm203-303.eduScott,Little,Branch Manager,Romano Financial Group,Open,scott@spadm203-304.eduScott,Little,,Secure Mortgage Solution,Open,scott@spadm203-305.eduDarryl,Johnson,Managing Director,Integrated Portfolio Solutions,Open,darryl.johnson@spadm203-306.eduScotti,Good,,Eco,Open,sgood@spadm203-307.eduJeremy,Magid,CSA,[not provided],Open,jeremy.magid@spadm203-308.eduTomi,kimpimaki,,Ecosynthetix,Open,tkimpimaki@spadm203-309.eduChristopher,Anderson,,Ecosynthetix,Open,canderson@spadm203-310.eduChad,Artem,,Ecosynthetix,Open,cartem@spadm203-311.eduChad,Artem,,Ecosynthetix,Open,cartem@spadm203-312.eduJohn,van Leeuwen,,Ecosynthetix,Open,jvanleeuwen@spadm203-313.eduPhilip,Greenall,,Ecosynthetix,Open,pgreenall@spadm203-314.eduUDHAV,DOCTOR,,Ecosynthetix,Open,udoctor@spadm203-315.eduPiotr,Kundu,,BeeMobile Consulting AB,Open,piotr.kundu@spadm203-316.eduRicardo,Balbes,,"CorporaciÛn Magitel, C.A.",Open,rbalbes@spadm203-317.eduMarko,Perme,Consultant,Agilcon (on behalf of Letalske.si),Open,marko.perme@spadm203-318.eduSeth,Ballstaedt,,Ballstaedt Law Firm,Open,seth@spadm203-319.eduAdmin,User,,Bodet,Open,jbucaille@spadm203-320.eduPeter,Boledziuk,Sales Consultant,Friday Media,Open,peter.boledziuk@spadm203-321.eduMarko,Perme,,Agilcon (on behalf of Letalske.si),Open,marko.perme@spadm203-322.eduMyril,Shaw,VP Affinity and International Business Development,"CarWoo, Inc.",Open,myril@spadm203-323.eduMyril,Shaw,,"CarWoo, Inc.",Open,myril@spadm203-324.edurichrd,french,,Ecosynthetix,Open,rfrench@spadm203-325.eduUDHAV,DOCTOR,,Ecosynthetix,Open,udoctor@spadm203-326.eduRalph,De Jong,,Eco,Open,rdejong@spadm203-327.eduRalph,De Jong,,Eco,Open,rdejong@spadm203-328.eduSeth,Ballstaedt,Mr,Ballstaedt Law Firm,Open,seth@spadm203-329.eduPeter,van Ballegooie,,Ecosynthetix,Open,pvanballegooie@spadm203-330.edurichrd,french,,Ecosynthetix,Open,rfrench@spadm203-331.eduSeth,Ballstaedt,Mr,Ballstaedt Law Firm,Open,seth@spadm203-332.eduIdo,Bendet-Taicher,Director Of Account Management,SeaPass Solutions Inc.,Open,idoben@spadm203-333.eduRicardo,Balbes,Contador,"CorporaciÛn Magitel, C.A.",Open,rbalbes@spadm203-334.eduAlan,Buckley,,IPC Inc,Open,abuckley@spadm203-335.eduAnindya,Nandi,Proprietor,TWENTY FIRST CENTURY COMMUNICATIONS,Open,nandi.anindya@spadm203-336.eduLinda,Lau,,Inc,Open,lindalau1228@spadm203-337.eduTemple,Hoff,Director of Data Resources,[not provided],Open,thoff@spadm203-338.eduAdam,Chapman,,[not provided],Open,achapman@spadm203-339.eduMichelle,Palomino,,Sales,Open,michelle.palomino@spadm203-340.eduActivities,Tab,,We Build Cool Stuff,Open,everyone@spadm203-341.eduKyle,DeRoos,Salesforce Administrator,Playworks,Open,kderoos@spadm203-342.eduMark,Lui,,[not provided],Open,mlui@spadm203-343.eduPierre-Luc,Morneau,,National Bank Securities Inc.,Open,pierreluc.morneau@spadm203-344.eduSteve,Wasula,,Unneeded value,Open,steve@spadm203-345.eduPierre-Luc,Morneau,,[not provided],Open,pierreluc.morneau@spadm203-346.eduDana,Cowden,,"Stony Point, LLC",Open,dana@spadm203-347.edu,AndresG,,[not provided],Open,andresglue@spadm203-348.eduMike,Verledens,,Mooze,Open,mikev@spadm203-349.eduNisarg,Vyas,Manager,abc,Open,nisarg_30@spadm203-350.eduWojciech,Nadachowski,Senior Advisor - Operations & Projects,Olga Tennison Autism Research Centre,Open,w.nadachowski@spadm203-351.eduKelly,Travis,,Second Street,Open,kelly@spadm203-352.eduAlphons,Mulders,CEO,Expereo USA,Open,alphons.mulders@spadm203-353.edumark,peplow,,fujitsu,Open,mark.peplow@spadm203-354.eduScott,Kuehn,Sales Director,[not provided],Open,scott@spadm203-355.eduKyle,DeRoos,Salesforce Administrator,Playworks,Open,kderoos@spadm203-356.eduEsty,Rubin,,[not provided],Open,er@spadm203-357.eduJake,Carroll,Sr Business Architect - Sales,Qwest,Open,jake.carroll@spadm203-358.eduKim,Cancel,,Neill Corp,Open,kim.cancel@spadm203-359.eduJim,Rafte,,Proforma Preferred Solutions,Open,jim.rafte@spadm203-360.eduGeoff,Thompson,General Manager,Laser & Sign Technology,Open,geoff@spadm203-361.eduDiane,Gonthier,,William Temple House,Open,dgonthier@spadm203-362.eduChad,Smith,,N/A,Open,chad@spadm203-363.edu,Ceterna,,Ceterna,Open,avivalife@spadm203-364.eduHeather,Kelley,Accountant,Vista,Open,hkelley@spadm203-365.edumarimedia,Admin,PM,Marimedia,Open,ron.davidson@spadm203-366.eduKurtis,McConn,CEO,"Dakota Air Parts Intl., Inc.",Open,kc@spadm203-367.edumark,peplow,,fujitsu,Open,mark.peplow@spadm203-368.eduDrew,Graham,,CobbleStay.com,Open,drew@spadm203-369.eduStephanie,Hoover,Catering Coordinator,CAFE RIO MEXICAN GRILL,Open,shoover@spadm203-370.eduSheryl,Shepherd,,Cincinnatistate,Open,sshepherd@spadm203-371.eduMegan,Cook,,Hunt Electric,Open,mcook@spadm203-372.eduArnaud,Cherval,,ANZ,Open,arnaud.cherval@spadm203-373.eduPeter,van Ballegooie,,Ecosynthetix,Open,pvanballegooie@spadm203-374.edurichrd,french,,Ecosynthetix,Open,rfrench@spadm203-375.eduGayatri,Ganesh,Associate Consultant,Infosys Technologies,Open,gganesh@spadm203-376.eduScotti,Good,,Eco,Open,sgood@spadm203-377.eduGavin,Hatherell,,Ecosynthetix,Open,ghatherell@spadm203-378.eduMarcelo,Santos,,Ecosynthetix,Open,mpampolha@spadm203-379.eduJeremy,Magid,CSA,[not provided],Open,jeremy.magid@spadm203-380.eduGavin,Hatherell,,Ecosynthetix,Open,ghatherell@spadm203-381.eduJohn,van Leeuwen,,Ecosynthetix Inc.,Open,vanleeuwen@spadm203-382.eduLibra,Admin,Professional Services,Drury Hotels,Open,lod_drury@spadm203-383.eduMeggan,Tufveson,,[not provided],Open,mtufveson@spadm203-384.eduLinda,Lau,,[not provided],Open,llau@spadm203-385.edu,Bravogroup Rendszerh·z,,Bravogroup Rendszerh·z Kft.,Open,bravo@spadm203-386.eduKelly,Travis,,Second Street,Open,kelly@spadm203-387.eduJames,Arquette,Commercial Director,[not provided],Open,james.arquette@spadm203-388.edujim,gorzka,,Embarqmail,Open,jimusmc@spadm203-389.eduLinda,Lau,,Inc.500,Open,llau@spadm203-390.eduThomas,Jensen,Global CRM Manager,Falck Nutec Holding,Open,thomas.jensen@spadm203-391.eduanil,kumar,,Gmail,Open,anil.p479@spadm203-392.eduJeremy,Magid,CSA,[not provided],Open,jeremy.magid@spadm203-393.edumarimedia,Admin,,Marimedia,Open,ron.davidson@spadm203-394.eduScott,Billadeau,,Universal Containers,Open,scott.billadeau@spadm203-395.eduScott,Billadeau,,[not provided],Open,scott.billadeau@spadm203-396.eduAngela,Adams,,Bank of America Contact Center Demo,Open,aadams@spadm203-397.eduThea,Leisen,Marketing CRM Specialist,GovDelivery Inc,Open,thea.leisen@spadm203-398.eduRicky,Rampersad,Assistant Branch Manager,AIM*,Open,ricky.rampersad@spadm203-399.eduScott,Kuehn,Sales Director,[not provided],Open,scott@spadm203-400.eduAngela,Adams,,Bank of America Contact Center Demo,Open,aadams@spadm203-401.eduMarcelo,Santos,,Ecosynthetix,Open,mpampolha@spadm203-402.eduJohn,van Leeuwen,,Ecosynthetix,Open,jvanleeuwen@spadm203-403.eduChad,Smith,,N/A,Open,chad@spadm203-404.eduKathy,Lindeke,Business Manager,"The ClearView Group, Inc.",Open,kathylindeke@spadm203-405.eduNancy,Franklin,Special Projects Lead,Archer Well,Open,nancy.franklin@spadm203-406.eduChameen,Battegoda,Salesforce Developer,[not provided],Open,cbattegoda@spadm203-407.eduRobert,Holt,"Director, Sales",Navy Mutual Aid Association,Open,rholt@spadm203-408.eduPaul,Kissick,Senior System Engineer,Nigel Wright Consultancy Ltd,Open,paul.kissick@spadm203-409.eduChameen,Battegoda,Salesforce Developer,[not provided],Open,cbattegoda@spadm203-410.edu,Admin,System Administrator,SURFWOOD EQUIPMENT L.P.,Open,surfwood@spadm203-411.eduM,Sridhar,,Apsona,Open,sridhar@spadm203-412.eduWhitney,Frey,,G2insurance,Open,wfrey@spadm203-413.eduChristoph,Blaer,Sales Analyst,sia Abrasives Australia Pty. Ltd,Open,christoph.blaer@spadm203-414.eduRyan,Fligg,Support,Windward Studios,Open,ryanf@spadm203-415.eduNisarg,Vyas,Manager,abc,Open,nisarg_30@spadm203-416.eduMichelle,Palomino,,Sales,Open,michelle.palomino@spadm203-417.eduRyan,Fligg,,"Windward Studios, Inc.",Open,ryanf@spadm203-418.eduChristoph,Blaer,Sales Analyst,sia Abrasives Australia Pty. Ltd,Open,christoph.blaer@spadm203-419.eduCraig,Kasper,Manager,Alkon Fasteners,Open,craig@spadm203-420.eduJames,Bayliss,SalesForce Administrator,Leadership Trust,Open,jamesbayliss@spadm203-421.eduJohn,Paredes,,US Home Ownership LLC,Open,john@spadm203-422.eduPepijn,Herman,Directeur,Metatronics,Open,p.herman@spadm203-423.eduChris,Kellie,Sr. Salesforce System Analyst,"Key Technology, Inc",Open,ckellie@spadm203-424.eduKathy,Ecklund,"Small Business Reporting, Analytics & Tools",[not provided],Open,kathrine.ecklund@spadm203-425.eduJim,Rafte,Sales,Proforma Preferred Solutions,Open,jim.rafte@spadm203-426.eduJessica,Page-Admin,,[not provided],Open,jessica.page@spadm203-427.eduKen,Tichacek,,Think Like Your Clients,Open,ken@spadm203-428.eduScott,Kuehn,,Jeni's Splendid Ice Creams,Open,scott@spadm203-429.eduAmy,Tripodi,,"Where, a PayPal Service",Open,atripodi@spadm203-430.eduAmy,Tripodi,Sales Development Manager,Where/Ebay,Open,atripodi@spadm203-431.eduFabien,Moreau,,Mars Drinks France,Open,fabien.moreau@spadm203-432.eduSteve,Caldwell,,"Medical Present Value, Inc.",Open,scaldwell@spadm203-433.eduMike,Lewis,,Mech Tech Mktg. Inc.,Open,mail@spadm203-434.eduStephanie,Hoover,,Cafe Rio Mexican Grill,Open,shoover@spadm203-435.eduDavid,McKillen,"Director, Sales and Client Services","MRA Advertising/Production Support Services, Inc.",Open,dmckillen@spadm203-436.eduPaul,Craft,CTO/CFO,"Dry Force, LLC",Open,pcraft@spadm203-437.eduStephanie,Hoover,Catering Coordinator,CAFE RIO MEXICAN GRILL,Open,shoover@spadm203-438.eduLarry,Davis,,Black Iron Group,Open,larry@spadm203-439.eduJacob,Johnson,,[not provided],Open,jacob.johnson@spadm203-440.eduManish,jjfg,kk,trcguylobal,Open,abomb52c@spadm203-441.eduJohn,Schuler,,[not provided],Open,jschuler@spadm203-442.eduLuke,Valente,Business Intelligence Coordinator,Return path,Open,luke.valente@spadm203-443.eduKen,Tichacek,Proprietor,"Think Like Your Clients, LLC",Open,ken@spadm203-444.eduAmi,Knox-Hall,,Hitec,Open,ami.knox-hall@spadm203-445.eduRobyn,Lane,"CRM Manager, International Domain - CRM Admin",Heat and Control,Open,rlane@spadm203-446.eduKimberly,Vega,Sales Manager,Glitz Design,Open,kimberly@spadm203-447.eduAdam,Chapman,,William Blair (IM team),Open,achapman@spadm203-448.eduNigel,Runnalls,Consultant,cDecisions,Open,nigel.runnalls@spadm203-449.eduNisarg,Vyas,Manager,abc,Open,nisarg_30@spadm203-450.edujim,gorzka,,Embarqmail,Open,jimusmc@spadm203-451.eduRyan,Fligg,Support,Windward Studios,Open,ryanf@spadm203-452.eduKelly,Travis,,Second Street Media,Open,kelly@spadm203-453.edu